name,title,company,linkedin,headline,notes
Zoimé Álvarez Rubio,President & CEO,Asociación de Bancos de Puerto Rico,https://www.linkedin.com/in/zoim%C3%A9-%C3%A1lvarez-rubio-95813868/,,Banking industry leader
Sultan Yassin,President & CEO,Medplus Puerto Rico,https://www.linkedin.com/in/sultany/,,Healthcare executive
Clarisa Jimenez Mayoral,President & CEO,Puerto Rico Hotel & Tourism Association,https://www.linkedin.com/in/clarisa-jimenez-mayoral-96081110/,,Tourism & hospitality leader
Jose M. Suarez,President & CEO,BluHost,https://www.linkedin.com/in/jose-m-suarez-637b026b/,,Tech company CEO
Jon Borschow,Founder Chairman & CEO,Foundation for Puerto Rico,https://www.linkedin.com/in/jonborschow/,,Nonprofit and economic development
Rolando Padua,Co-Chief Executive Officer,Paulson Puerto Rico,https://www.linkedin.com/in/rolando-padua-7290a844/,,Investment firm
Alfonso Pardo,Founder & CEO,Bionuclear of Puerto Rico,https://www.linkedin.com/in/alfonso-pardo-28203091/,,Medical/nuclear technology
Jose Rafael Fernandez,Chairman & CEO,OFG Bancorp,https://www.linkedin.com/in/jose-rafael-fernandez-83a05134/,,Major Puerto Rico bank
Jorge Hernandez CPA,CEO,Aerostar Airport Holdings,https://www.linkedin.com/in/jorge-hernandez-cpa-566b734/,,Manages SJU airport
James Connor,CEO,Sygnus Capital Puerto Rico,https://www.linkedin.com/in/james-connor-b4911091/,,Investment/capital markets
Allan Evans,CEO,Unusual Machines,https://www.linkedin.com/in/allan-evans-phd/,,Drone technology company
Leslie Hufstetler,CEO,Infinigen,https://www.linkedin.com/in/leslie-hufstetler-27a14322/,,Energy/infrastructure
Jorge L Perez,CEO,Discover Puerto Rico,https://www.linkedin.com/in/jorge-l-perez-92603440/,,Tourism destination marketing
Hari Sabnani CPA,Founder President & CEO,Alivia Health,https://www.linkedin.com/in/hari-sabnani-cpa-88145141/,,Healthcare startup
Denisse Flores,Managing Partner,PwC San Juan,https://www.linkedin.com/in/denisse-flores-42934268/,,Big 4 accounting & advisory
Ernesto Aponte,Office Managing Partner,KPMG,https://www.linkedin.com/in/ernesto-aponte-347b912b/,,Big 4 accounting & advisory
Miriam de L. Figueroa,Managing Partner,DLA Piper San Juan,https://www.linkedin.com/in/miriam-de-l-figueroa-7251b63/,,International law firm
Harry Márquez,San Juan Managing Partner,Deloitte,https://www.linkedin.com/in/harry-marquez/,,Big 4 consulting
Hans Moll-Stubbe,Managing Partner,PRISA Group,https://www.linkedin.com/in/hans-moll-stubbe-a756216/,,Private equity / real estate
Maria Elena Carrion,Managing Partner,Multicultural Capital,https://www.linkedin.com/in/maria-elena-carrion-6b09369/,,Investment firm
Mauricio Muñoz CPA,Managing Partner,ClearView Consulting,https://www.linkedin.com/in/mauricio-mu%C3%B1oz-cpa-21bb83b3/,,Business consulting
Carter Redd,President,JUF / Juniper Capital Puerto Rico,https://www.linkedin.com/in/carterredd/,,Investment/finance
Jaime A. Toro,President,Popular Securities,https://www.linkedin.com/in/jaime-a-toro-4ab75922/,,Securities/wealth management
Tomás Dardet,President,PRLinks Communications,https://www.linkedin.com/in/tom%C3%A1s-dardet-02977610/,,PR and communications
Roque Redondo,President,Excellius Consulting Services,https://www.linkedin.com/in/roqueredondo/,,Management consulting
Francis Xavier Gonzalez,President,Curzon Puerto Rico,https://www.linkedin.com/in/francis-xavier-gonzalez-jd-csm-a1419474/,,Legal/consulting
Eric Secola,President,Ellipsis,https://www.linkedin.com/in/eric-secola-6794a48/,,Technology/consulting
Waleska Rivera,President & CEO,Danosa Caribbean,https://www.linkedin.com/in/waleska-rivera-b5a30644/,,Building materials/construction
PJ Wilson,President,SESA Puerto Rico,https://www.linkedin.com/in/pjcleanenergy/,,Clean energy
Adriana Ramirez,President & COO,Abarca,https://www.linkedin.com/in/adrianaramirezesq/,,Healthcare technology
Orlando Ríos San Miguel CPA,SVP & CFO,MAPFRE Puerto Rico,https://www.linkedin.com/in/orlando-r%C3%ADos-san-miguel-cpa-2a163859/,,Insurance company
Esteban Velez Del Toro,CFO,Metropistas,https://www.linkedin.com/in/esteban-velez-del-toro-59a50189/,,Toll road infrastructure
Jorge Junquera,CFO,United Surety and Indemnity Company,https://www.linkedin.com/in/jorge-junquera-0aa9a52/,,Insurance/surety
Michelle Montoto CPA,CFO & SVP,Empresas Caparra,https://www.linkedin.com/in/michelle-montoto-cpa-b9a2bb101/,,Real estate/retail
Ramón Ponce Fantaúzzi,CFO,Human Advisors,https://www.linkedin.com/in/poncefantauzzi/,,HR/advisory services
Marcos Rodriguez-Ema,Capital Member & COO,McConnell Valdés,https://www.linkedin.com/in/marcos-rodriguez-ema-b52887146/,,Major PR law firm
Joaquin Bolivar III,EVP & COO,Courtyard by Marriott San Juan-Miramar,https://www.linkedin.com/in/jbolivar3/,,Hospitality operations
Jose Mercado,COO & CFO,Moncayo,https://www.linkedin.com/in/jose-mercado-73381826/,,Business operations
Carlos Laureano,COO Commerce & Health,VML,https://www.linkedin.com/in/carlos-laureano-890b1841/,,Marketing/advertising agency
José Luis Rodríguez Collazo,CEO,First Hospital Panamericano,https://www.linkedin.com/in/jose-luis-rodriguez-collazo-mhsa-99503967/,,Healthcare/hospital
Luis Ivan González Serralles,CTO,Windmar Group,https://www.linkedin.com/in/luis-ivan-gonz%C3%A1lez-serralles-26285b264/,,Renewable energy
Lisandro E. Quiñones,CTO,Blanco Group,https://www.linkedin.com/in/lisandroquinones/,,Real estate development
Hector Bird,CTO,PC & Mac Solutions,https://www.linkedin.com/in/hector-bird-7aa590161/,,IT services
Ricardo Rosario,CIO,Empire Gas Group,https://www.linkedin.com/in/ricardo-rosario-8505a2a5/,,Energy/gas distribution
Armando Santoni,CIO,OATRH,https://www.linkedin.com/in/armando-santoni-64090637/,,Government HR technology
Pedro Perez,CIO,PUPR,https://www.linkedin.com/in/pedro-perez-bb41089/,,University technology
Frank Guardiola,CIO,Health Department City of San Juan,https://www.linkedin.com/in/frankguardiola/,,Government health IT
Mari Evelyn Rodriguez,Chief Retail Banking Officer,Oriental,https://www.linkedin.com/in/marievelynrodriguez/,,Retail banking
Liza García Vélez,Executive Director,Puerto Rico Chamber of Commerce,https://www.linkedin.com/in/liza-garc%C3%ADa-v%C3%A9lez-279650222/,,Business advocacy
Nory Rivera,Executive Director,Puerto Rico Builders Association,https://www.linkedin.com/in/nory-rivera-602288154/,,Construction/real estate industry
